url,title,country,state,region,city,address,latitude,longitude,price,price_per_meter,floor,floors,area,rooms,year,details,description
https://realting.com/lithuania/property/3808724,"2 room apartment 35 m² Vilnius, Lithuania",Lithuania,Vilnius County,Vilnius city municipality,Vilnius,"Didlaukio g, 67 a",N/A,N/A,"€143,000","$4,716/m²",5,5,35 m²,2,2020,"{'Interior Features': 'Balcony', 'Security features': 'Combination Lock', 'Construction materials': 'Brick', 'Sewer information': 'Central collector', 'Exterior features': 'Elevator'}","SALE OF LIGHT, NEW INSTALLATED, 1,5 CASTLE, COMPACT SIDES IN POPULIARIARE AND HUMAN EVALUATION OF BALTIC MICRORAJONE, COUNTRY MYCOLO ROMERIO UNIVERSITETO AND JOMAN PARKO. ........................................................................................................... PRINCIPLES: - B energy class of the building will ensure low costs and inexpensive maintenance; - Central- collector, floor heating with individual accounting will allow to live warm and economical; - Light and stylish installation will ensure good wellbeing; - All furniture and household appliances are sold, so there is no need for additional care; - The corridor has a spacious garment where you can keep your items comfortably; - Convenient, compact layout will allow more efficient use of space; - In the spacious balcony you can enjoy morning coffee; - Panoramic windows - natural indoor lighting; - Windows are oriented toward the south, so you can enjoy sunlight and rays; - The territory is completely arranged and modernised; - Comfortable location, advanced infrastructure, excellent transport. ........................................................................................................... SIGNIFICANT: - Address: Dillaukio g. 67A; - Area: 35,18 sq.m.; - Number of rooms: 1,5; - High: 5 / 5; - Price: 143 000 Eur; - Heating: central-collector, floor; - Year of construction: 2020; - Building type: masonry; - Destination: hotels. ........................................................................................................... NAMO ENVIRONMENT: - The territory of the house is arranged and planted; - Next to Mykolas Romeris University, Fabijoniškis and Jomant Parks. ........................................................................................................... LOCATION AND INFRASTRUCTURE: - To Vilnius city center ~ 5.6 km; - To the nearest bus stop ~ 110 m; - To Mykolas Romeris University ~ 35 m; - To Vilnius Šeškiniai poliklinika ~ 1.98 km; - To Cedron Upper Landscape reserve ~ 700 m; - To the shopping malls: Aibe ~ 490 m, Norfa ~ 690 m, iki 720 m. ........................................................................................................... Watch! You can find all the latest CAPITAL real estate ads on our website www.capital.lt. Please visit!","['https://realting.com/uploads/bigSlider/3e0/db24918e1f7ae11355793c57657ef.webp', 'https://realting.com/uploads/bigSlider/7a6/cdf74743754d30d561188d8abbe28.webp', 'https://realting.com/uploads/bigSlider/310/a8273d0562c21620bcae388e695d9.webp', 'https://realting.com/uploads/bigSlider/2a2/48edf399af14ed427ba38e8455d1e.webp', 'https://realting.com/uploads/bigSlider/527/716a70e138305e3d1a948b7e2bad6.webp', 'https://realting.com/uploads/bigSlider/d97/ff0527d7ebf2a8b8e13e93ce561b2.webp', 'https://realting.com/uploads/bigSlider/630/659fc1b77fb625c3793054a3d942c.webp', 'https://realting.com/uploads/bigSlider/edb/3ffde109effe514996e05ae74bba3.webp', 'https://realting.com/uploads/bigSlider/003/ca0391a4b948d1de3764179c16469.webp', 'https://realting.com/uploads/bigSlider/7ec/2f254db8ad5f5bc0847e3af9f5417.webp', 'https://realting.com/uploads/bigSlider/d58/8fcf61d3b0dbaff86af129c290704.webp', 'https://realting.com/uploads/bigSlider/fd8/34e34540ba7c674c3bc8d2b2a4f75.webp', 'https://realting.com/uploads/bigSlider/b62/b0da28b04aad8b7895f2e67d348c2.webp', 'https://realting.com/uploads/bigSlider/15b/bdaf41de486ff455257c4e90f424e.webp', 'https://realting.com/uploads/bigSlider/e63/b5b96bacaa1a3befd323cb2d00e69.webp', 'https://realting.com/uploads/bigSlider/fcd/65b52ee678293a25dfd5ef1bc9cab.webp', 'https://realting.com/uploads/bigSlider/151/f34357924458b4e2a5bfac852dceb.webp', 'https://realting.com/uploads/bigSlider/8ac/2773c0c745d1f5ab94d5c8cf40760.webp']"
https://realting.com/lithuania/property/3739842,"2 room apartment 67 m² Bajorai, Lithuania",Lithuania,Vilnius County,Vilniaus rajono savivaldybe,Bajorai,"Metu g, 62",N/A,N/A,"€187,000","$3,219/m²",2,3,67 m²,2,2022,"{'Repair features': 'Partial finish', 'Construction materials': 'Brick'}","2-14 BAYOR COLOUR  A unique residential project in which everyone the apartment is unique. The project sought solutions, allowing you to create a perfect balance between everyday life nature and city, special attention is paid to comfort and quality in each part.  It's a home where the views through the windows are breathtaking, where the eyes rest by looking at the constantly changing nature, and each day begins and ends in the midst of pure air. This spacious, individual layout of the apartment is just you. _ _ _ _ _ _ _ _ GENERAL Apartment on the second floor with terrace Number of rooms - 2 Apartment area - 67.02 sq.m. Year of construction: 2022 Address - Matų g. 62, Bajorų kalba, Vilniaus r. sav. Heating - electricity Parking - 5000 Eur. Warehouse - 3000 Eur. _ _ _ _ _ _ _ _ DRAFT Fully finished residential apartment for sale project located in Mačių g. 62, Bajorų kalba, Vilniaus r. sav. The project consists of 21 apartments on three floors, The parthate has a basement in which the lockers are made. All apartments are sold with partial finish, so the final the buyer has the opportunity to install a dwelling according to individual needs and lifestyle. _ _ _ _ _ _ _ _ PRINCIPLES Residential building 21 apartment Construction 2022 Project complete Partial finish Every apartment has its own cellar Parking for each apartment Some apartments have terraces, balconies or private courtyards Three storey building + basement Comfortable and promising place in Bajorai, near Vilnius city The project is suitable for both individual buyers and investors - it is possible to realise apartments in stages or adapt to the rental market. _ _ _ _ _ _ _ _ LOCATION 4.7 km to Santariskes Hospital 11 km to Gediminas pr. 18 km to Vilnius Railway Station _ _ _ _ _ _ _ _ For further information or examination please contact:  NT broker Tomas Aleksandravich ✉️ Not a good object? I'll find you alternatives.  You sell a house or an apartment? Call me - I'm always ready to go an additional step to sell your assets at the highest market price.  Work for NT agents - we invite you to cooperate with the real estate agency ""Capital."" You can find all the latest CAPITAL real estate ads on our website www.capital.lt. Please visit!","['https://realting.com/uploads/bigSlider/ceb/9ea1a3407d5786e3efb886476ca39.webp', 'https://realting.com/uploads/bigSlider/fcf/e83cf496552d6480db31ad444000e.webp', 'https://realting.com/uploads/bigSlider/0f4/bc5e2c4dc61ee77bd839bcdadfb30.webp', 'https://realting.com/uploads/bigSlider/8d5/14823611a3818c9a9fd7fd2a9f57a.webp', 'https://realting.com/uploads/bigSlider/a62/4476ad175fb583c164842477458d9.webp', 'https://realting.com/uploads/bigSlider/45a/d0279631313ea81bb9ca7fe43320e.webp', 'https://realting.com/uploads/bigSlider/66c/ae5903dfc4c7ef2e55508d3b59838.webp', 'https://realting.com/uploads/bigSlider/e78/ff2174771088c3bc50069cb66f3cd.webp', 'https://realting.com/uploads/bigSlider/134/e59f8b177c4de460199229aa4dda6.webp', 'https://realting.com/uploads/bigSlider/6b1/c4d448c16147ed4c43af0274f1d45.webp', 'https://realting.com/uploads/bigSlider/54a/bc4688b22e1f8578bcc56132a61b8.webp', 'https://realting.com/uploads/bigSlider/d3c/1bf3ba9efbdb22d8c32ce9b4f7385.webp', 'https://realting.com/uploads/bigSlider/685/78276155ab869323c96ab26290045.webp', 'https://realting.com/uploads/bigSlider/c19/58d6df2ca8dc5183988debcb833ad.webp', 'https://realting.com/uploads/bigSlider/cb1/6bd0a148442cea1e0f57d5caab17e.webp', 'https://realting.com/uploads/bigSlider/b50/bb89abd7df0922528a3400845898e.webp', 'https://realting.com/uploads/bigSlider/760/662070a69af6cf9119baa6c52c421.webp', 'https://realting.com/uploads/bigSlider/8d1/1ef90fe4d85cbd78ebdc3d4e5494c.webp', 'https://realting.com/uploads/bigSlider/498/0311564c2275f39baad3109e44fe3.webp', 'https://realting.com/uploads/bigSlider/1e4/86b223552e9c10b415aa47c1827a6.webp']"
https://realting.com/lithuania/property/3739998,"2 room apartment 30 m² Druskininkai, Lithuania",Lithuania,Alytus County,Druskininku savivaldybe,Druskininkai,"Gardino g, 80",N/A,N/A,"€22,000",$838/m²,2,4,30 m²,2,1966,"{'Heating': 'Central heating', 'Repair features': 'Needs Repair', 'Construction materials': 'Precast'}","In Druskininkai, in Grodno Street 80, two-room apartment is sold in a apartment of 37,15 sq.m. (30,45 sq.m. useful area and 6,7 sq.m. shared area).  It has a spacious living room of 15,48 sq. m., a spacious kitchen, a bathroom with WC and a large curb. - The floor is wooden. - No one lives in the apartment, all the old furniture is unloaded. - Rooms are neat, the level of repairs will be chosen by the buyer. - The apartment is on the second floor of the house from 4. - Windows are oriented towards the south-west. - The house is not renovated, but the environment is fixed: new waste sorting containers, spacious, open from street trees, parking lot.  Advantages of the apartment:  - good planning, - the apartment is always warm during the cold season; - wooden floors provide comfort and heat; - Life in this apartment is quite cost-effective - an average of EUR 44 per month was paid for heating between 2023 and 2024 (from EUR 20 in April to EUR 63 in February); - there is always room in the parking lot; - quiet and friendly neighbors; - store ""Norfa"" practically across the street. * * * * * * * * * * * * * * * * * * * * * * * * * * * * * * * * * * * * * * * * * * * * * * * * * * * * * * * * * * * * *  I'll prepare the documents for sale free of charge. For those who buy with a loan, I help you get better offers from the banks. ---------------- If you want to see this great apartment or get more offers, please contact: Real estate broker Ernest Bakūnas tel. nr. + 37067635342 You can find all the latest CAPITAL real estate ads on our website www.capital.lt. Please visit!","['https://realting.com/uploads/bigSlider/066/f9e97958ff206ab26dda4f1d66e9e.webp', 'https://realting.com/uploads/bigSlider/ebc/0d5463cadb3e3306f6e66bf7166fe.webp', 'https://realting.com/uploads/bigSlider/a09/b36ac012eddc92dcf8bc2e6f48acd.webp', 'https://realting.com/uploads/bigSlider/5c0/6e31305ca0a5846b3a8a60fc8442d.webp', 'https://realting.com/uploads/bigSlider/893/64e492815ceb3e23017002700495c.webp', 'https://realting.com/uploads/bigSlider/e22/2b7e3b0472b2af94ea601edb64147.webp', 'https://realting.com/uploads/bigSlider/2db/80f85de5b63ce700533be65055ad3.webp', 'https://realting.com/uploads/bigSlider/7db/9fe7104150aba1288fb79b7962d97.webp', 'https://realting.com/uploads/bigSlider/10a/08580d67bffb0207e213e77863373.webp', 'https://realting.com/uploads/bigSlider/dc5/ce9a2ea9c88ef73d6c2693617938c.webp', 'https://realting.com/uploads/bigSlider/fbf/dc1e66d02a62ac3262133aa769707.webp', 'https://realting.com/uploads/bigSlider/68b/db4b416cdff3ce408932453fad4da.webp', 'https://realting.com/uploads/bigSlider/a18/33c575cc15ea7dbe18dc54a018aec.webp', 'https://realting.com/uploads/bigSlider/ebb/f63cbffca64c0a8e0ec1caa62afe6.webp', 'https://realting.com/uploads/bigSlider/3c4/1191a40370b245dca5f78b5406416.webp', 'https://realting.com/uploads/bigSlider/431/3700e6f6346fb78860ef0c9dba1d0.webp', 'https://realting.com/uploads/bigSlider/49d/68ee383eb0a6070fbfb8a782185e0.webp', 'https://realting.com/uploads/bigSlider/e75/9d8ebb68fd7ea197d14cc822d15c2.webp', 'https://realting.com/uploads/bigSlider/043/87ee1a5ead3a9801aca4b66b29699.webp', 'https://realting.com/uploads/bigSlider/995/9b20ec3507097a5fbd616e4bd54b3.webp']"
https://realting.com/lithuania/property/3785478,"1 room apartment 29 m² Vilnius, Lithuania",Lithuania,Vilnius County,Vilnius city municipality,Vilnius,"Pulko g, 3",N/A,N/A,"€164,100","$6,582/m²",1,9,29 m²,1,2024,"{'Interior Features': 'High ceilings', 'Security features': 'Combination Lock', 'Construction materials': 'Precast', 'Sewer information': 'Central collector', 'Exterior features': 'Elevator'}","Sold SOUGHT INSTALLATIONS WITH 3 YEARS OF GROWTH LUBRI 1 CASTLE ON HANNER STATUS HEAD! The apartment is uninhabited, not laid down completely newly furnished. For those looking for a cosy and quiet environment - this apartment is a great choice! The apartment is equipped in a very functional way: the installation is very comfortable and thoughtful, very much considered solutions. PRINCIPLES: - Being in the apartment completely does not feel that the apartment is 29.10 sq., because the ceilings are 3 meters, a good really feeling; - Warehouse 2,79 kv / m plus an extra 4500 eur and is sold with an apartment. - You can buy an extra underground parking space of EUR 16000. - A great place to buy both for yourself and for investment, because it is a great location; - Economically adjustable heating. - Warm floor in the bathroom; - Neat staircase with a code lock and a domophone; - Parking lot near the house; - Bicycle storage is minus on the first floor of this house. It's very comfortable. - Large inner courtyard with playground, recreation places; - Next to Oz Park, Techy Park, PC Oz, Twinsbet Arena, Delfi Sports Centre, Vichy Water Park; GENERAL - If you declare a place of residence in this apartment, you do not have to pay any 05% NT tax if it is first NT. - Only 02% will be subject to the ""defence fee '. About EUR 114 per year. - The place of residence can be declared. The banks provide loans without any problems. If you have any questions, call me. - Apartment area - 29.10 sq.m; - High - 1 of 9 - Number of rooms - 1; - House type - block; - Purpose - commercial - hotels; - Year of construction - 2024; - Finality: 97%; - Heating - floor all over the apartment, central collector, no radiator. CONTACT ~ 4.5 km Distance to the center; AUTOBEEPS ~ 500 m., to the Entertainment Arena, st. If you want to sell - consult your NT - call and talk, I can really help you. Capital Team broker Vytautas Stravinskas Te.: You can find all the latest CAPITAL real estate ads on our website www.capital.lt. Please visit!","['https://realting.com/uploads/bigSlider/807/2e44c262180db472c647e7ca5bdf5.webp', 'https://realting.com/uploads/bigSlider/a1d/3af07129815ac7b39a3c1edb7570c.webp', 'https://realting.com/uploads/bigSlider/cc8/cb560363abd633141e692e951d262.webp', 'https://realting.com/uploads/bigSlider/c49/42e787f4af72d1f401913e47b8ef5.webp', 'https://realting.com/uploads/bigSlider/298/4794db3142ae67dd7ba49380158dc.webp', 'https://realting.com/uploads/bigSlider/500/2847415db5edcad280a8b62163608.webp', 'https://realting.com/uploads/bigSlider/f3b/803d426b07bb14936742d946ae509.webp', 'https://realting.com/uploads/bigSlider/ae8/4cfff95349d1bffba72ce57b489da.webp', 'https://realting.com/uploads/bigSlider/133/25ad8a9ab96b1fcc3a21ad0406ec9.webp', 'https://realting.com/uploads/bigSlider/89a/07586b332c87bbbc1127780c96a6d.webp', 'https://realting.com/uploads/bigSlider/fed/079da76edc63b1e4385e02495f90c.webp', 'https://realting.com/uploads/bigSlider/b45/dff2a366fc5d00f5051111ee44150.webp', 'https://realting.com/uploads/bigSlider/64b/d8956695d67d0286827c0c792c444.webp', 'https://realting.com/uploads/bigSlider/aa6/bab110b81cda625167262438b1e54.webp', 'https://realting.com/uploads/bigSlider/5e0/d6bc288cd58272a9b75e566f5ea64.webp', 'https://realting.com/uploads/bigSlider/30a/8824093c465bcc519830adac3f045.webp', 'https://realting.com/uploads/bigSlider/c32/2d3ed0d4664d470d0834b02d49f55.webp', 'https://realting.com/uploads/bigSlider/f06/d94bb15687757ab911dc289fef153.webp', 'https://realting.com/uploads/bigSlider/6b7/4306b112bd52033d19c19ea92de41.webp', 'https://realting.com/uploads/bigSlider/2e6/5331a7b048c40b6e767d22f932f15.webp']"
https://realting.com/lithuania/property/3787910,"3 room apartment 91 m² Vilnius, Lithuania",Lithuania,Vilnius County,Vilnius city municipality,Vilnius,"A Jaksto g, 16",N/A,N/A,"€439,910","$5,675/m²",2,3,91 m²,3,1940,N/A,"Sold SPACE WILL BE IN A DIFFICULTY HEAD - VILNIUS SENAMIESTER!  Spacious and bright 3-room apartment in a prestigious place - in the center of Vilnius, in A. Jakšto street. The apartment is located on the second floor of the historic masonry house. The great advantage is a ceiling of 3,21 m high, which gives a unique sense of space and opportunities to create a unique interior. A great choice for comfortable life in the city center and investment.  _ _ _ _ _ _ PRINCIPLES: - Exclusive place in the heart of Vilnius Old Town; - High ceilings - 3,21 m; - Spacious square of the apartment - 90,61 sq. m; - A window in a sanitary node - natural light and good ventilation; - High entrance doors - a solid impression and more space for feeling; - There is a balcony; - Central heating; - A wooden, solid historical building; - Possibility of replanning spaces according to their needs - excellent potential for individual installation; - Comfortable parking: parking in the surrounding courtyards is also possible in the red zone with a residence permit (about 37 €/ year after declaring residence); - A great option for life or investment for rent; - Around - restaurants, cafes, cultural objects, parks, comfortable communication on foot.  _ _ _ _ _ _ GENERAL: - Address: A. Jakšto g. 16-3, Vilnius; - Area: 90,61 sq. m; - High: 2; - Room App: 3; - Year of construction: 1940; - Building type: masonry; - Heating: central; - House: Yes.  _ _ _ _ _ _ DISTRIBUTION: - 2 bedrooms; - Living room with kitchen; - Bathroom; - WC; - Balcony.  _ _ _ _ _ _ LOCATION AND DISTRIBUTION: - Vilnius Old Town - everything is accessible on foot; - Next to cafes, restaurants, theatres, museums; - Comfortable public transport; - Not far from here. Neris coast for walks; - 500 meters to the Lithuanian National Opera and Ballet Theatre; - 400 m to the Lukiškių Square; - 700 m to Vince Kudirka Square; - 1 km to Cathedral Square.  Nearest public transport stations: - 100 m Opera and Ballet Theatre st. - trolleybuses: 4, 10, 17; buses: 43, 46, 52, 56; - 400 m Kražiai st buses: 22, 40, 43, 52, 56, 73; - 400 m J. Tumo-Važganto st. - trolleybuses: 4, 10, 17; buses: 43, 52, 56, 73; - 400 m Green Bridge st, - trolleybuses: 3, 6, 10, 12, 14; buses: 1G, 3G, 6G, 10, 43, 46, 52, 53, 56; - 400 m Vince Kudirka Square st. - trolleybuses: 2, 3, 6, 12, 14, 20; buses: 1G, 11, 53.  Nearest supermarkets: - 400 m to IKI EXPRESS, Gedimino pr. 28, Vilnius; - 400 m MAXIMA X, Upės g. 9, Vilnius (CUP); - 600 m MAXIMA X, Gedimino pr. 18, Vilnius; - 600 m IKI EXPRESS, Kalvariju g. 3, Vilnius; - 700 m RIMI, Gedimino pr. 44A, Vilnius;  You can find all the latest CAPITAL real estate ads on our website www.capital.lt. Please visit!","['https://realting.com/uploads/bigSlider/187/12a2351bb87ae22d3b340063507d0.webp', 'https://realting.com/uploads/bigSlider/a83/0fe858688ace1bcd9a8bed757d4c2.webp', 'https://realting.com/uploads/bigSlider/dd5/0262d976f027ac77b480dfa65c86b.webp', 'https://realting.com/uploads/bigSlider/d3d/376f5bd0ab4f29fdbc49db330debd.webp', 'https://realting.com/uploads/bigSlider/2ae/41939b875cab6634a2ea508aa5597.webp', 'https://realting.com/uploads/bigSlider/d12/30abd45ad776c74dc2f1e4211d25d.webp', 'https://realting.com/uploads/bigSlider/513/e348221790f90d0a75feb929de136.webp', 'https://realting.com/uploads/bigSlider/918/86202276547e6200bf3309f2e4324.webp', 'https://realting.com/uploads/bigSlider/607/a1c76fec94322001f5a50a649be43.webp', 'https://realting.com/uploads/bigSlider/709/eb58483186915ef857f3121644a4c.webp', 'https://realting.com/uploads/bigSlider/1e0/c1e7593fe425d86980f8c29a000ba.webp', 'https://realting.com/uploads/bigSlider/970/07c246b09269ba91a6034e1225b56.webp', 'https://realting.com/uploads/bigSlider/7b1/a51371205d7e3e8dfd2ccd344fd32.webp', 'https://realting.com/uploads/bigSlider/b6f/5eefaddb1e323820de4a778548883.webp', 'https://realting.com/uploads/bigSlider/bef/c829006c7b5a8b2cf66b7bf4873ff.webp', 'https://realting.com/uploads/bigSlider/27a/402d9427c188ab8226e4cbd4b4f96.webp', 'https://realting.com/uploads/bigSlider/1a2/6848c92fbeee2b69bdb9cecd2cd1f.webp', 'https://realting.com/uploads/bigSlider/c2e/32c2f6d5ed7dd8b97d177b8ed5b18.webp', 'https://realting.com/uploads/bigSlider/f69/118614b5299bcdff88396c04064f2.webp', 'https://realting.com/uploads/bigSlider/c23/5f9c30740c2202f7d67dddf3c3469.webp']"
https://realting.com/lithuania/property/3739794,"2 room apartment 44 m² Vilnius, Lithuania",Lithuania,Vilnius County,Vilnius city municipality,Vilnius,"Gerosios Vilties g, 18",N/A,N/A,"€150,000","$3,920/m²",5,5,44 m²,2,1964,"{'Construction materials': 'Precast', 'Sewer information': 'Central collector'}","BUILDING IN A NEW INSTALLATED IN THE SECOND CIRCUMSTANCES OF 2 CARBAREDINGS, GRETA WINE PARKO, BETTER VILTIES G.! Major repairs were carried out in the apartment. In this place, you will quickly reach Vingis Park just on foot (400 meters only), where it is fun to spend time both in winter and summer, near Vingis cinemas, Hyper Rimi, Impuls and many other services and trade institutions, and the city center is just 5-10 minutes away by car or public transport (to Trakai, Vilnius streets 2.5-3 km)! _ _ _ _ _ _ _ _ PRINCIPLES: • The house is fully renovated in 2015 and meets the energy efficiency of Class B. • The apartment is sold with all the furniture and household appliances (oven, gas stove, garage, refrigerator, washing machine), so you can immediately settle in new homes • Functional space: living room connected to kitchen, dining areas, spacious bedroom, and san. knot (with bath). • Glazed and arranged balcony-loggia, light, private, beautiful view. • Apartment is geographically oriented to two sides (ideal directions): living room and one room to the west side of the grill; bedroom - to the south-east. • Fully near the 400 meters Vingis Park • Excellent access to the city centre / old town (~ 2,5-3 km), whether by car or by public transport, or just on foot. • There are many supermarkets, catering, sports, leisure, treatment, education, etc. _ _ _ _ _ _ _ _ _ _ _ _ _ _ _ _ WORK: • All plumbing and sewerage pipelines (PVC pipes) have been replaced, accounting devices are transferred to a convenient location. • The water stand is changed not only in the apartment, but through all the floors of the house. • In the apartment all radiators were replaced to new ones. • The whole of the apartment was replaced with an electric panel with machines. • 2 sq.m. balcony-loggia (floor, upholstery, glazing) _ _ _ _ _ _ _ _ _ _ _ _ _ _ _ _ _ _ GENERAL: • Total apartment area: 44.36 sq.m. • Number of rooms: 2 • High: 5 from 5 • For sale with furniture and household appliances • The apartment has a pantry in the basement _ _ _ _ _ _ _ _ _ LOCATION AND INFRASTRUCTURE: • Good Hope Street 18, Vilnius • 3 km to the Old Town, conveniently accessible by both private and public transport and walking • To the nearest public transport stop (""Good Hope st.""): ~ 200 m • A well-developed service, catering, shops, sports, leisure, education infrastructure. • Near 400 meters of Vingis Park with walking and cycling paths, recreation and sports grounds. You can find all the latest CAPITAL real estate ads on our website www.capital.lt. Please visit!","['https://realting.com/uploads/bigSlider/c25/75d1a53f7940201314a920acc2b72.webp', 'https://realting.com/uploads/bigSlider/216/7d2dd0ea799e05013965df7f5264e.webp', 'https://realting.com/uploads/bigSlider/1d5/d19aeb34a8707ae92d84c6749d5ee.webp', 'https://realting.com/uploads/bigSlider/06c/bf3b85b9a3cd98f84c409c9b249f0.webp', 'https://realting.com/uploads/bigSlider/753/dfc61aebe1a02cd681f54ffd5037c.webp', 'https://realting.com/uploads/bigSlider/955/5c21abed7612fd4dfe05a534e6068.webp', 'https://realting.com/uploads/bigSlider/975/0ab08e984067c43d598c6463d2f48.webp', 'https://realting.com/uploads/bigSlider/901/0bfc282ecf3a60041bb4cb9d4a5a5.webp', 'https://realting.com/uploads/bigSlider/dd3/4f30bc516ecf516c5ef777221043a.webp', 'https://realting.com/uploads/bigSlider/8fb/84332c05e775a19202a7525bbd641.webp', 'https://realting.com/uploads/bigSlider/07c/408cc0a12bd384b9858d85445bce9.webp', 'https://realting.com/uploads/bigSlider/7d4/d3765c5807417ed420a0aa512b576.webp', 'https://realting.com/uploads/bigSlider/126/fc1d7db4a369947fcdefe19974d07.webp', 'https://realting.com/uploads/bigSlider/124/0a38e12a40a23929a5b040e1da280.webp', 'https://realting.com/uploads/bigSlider/9d8/f7faef8bb9cdda0a5765c161a57f0.webp', 'https://realting.com/uploads/bigSlider/6c3/7db8078d49df5c66b1aebcecb7bda.webp', 'https://realting.com/uploads/bigSlider/507/ff26d76d6a014fd3c641052c3bd38.webp', 'https://realting.com/uploads/bigSlider/49b/515bd717ff22842cbd9fccd36e579.webp', 'https://realting.com/uploads/bigSlider/dc4/87eb080b9101f5bbeb5a2c1eeed41.webp', 'https://realting.com/uploads/bigSlider/657/381665e254fe84c26eba64a203212.webp']"
https://realting.com/lithuania/property/3785470,"4 room apartment 54 m² Palanga, Lithuania",Lithuania,Klaipeda County,Palangos miesto savivaldybe,Palanga,"Osupio tak, 6 b",N/A,N/A,"€270,000","$5,887/m²",2,3,54 m²,4,2017,"{'Heating': 'Gas heating', 'Construction materials': 'Brick'}","Just 100 meters to the sea to sell spacious 3 bedroom apartment! Surrounded by the seaside pine forest and the ossing of the seaside openings. = = = = = = = = = = = = = = = = = = = = = = = = = = = = = = = = = = = = = = = = = = = = = = = = = = = = = = = = = = = = = = = = = = = PRINCIPLES OF THE OBJECT: • Just 100 meters to the sea! • Three bedrooms; • Two spacious balconies; • Fully equipped with all necessary household appliances; • Warehouse and packing area (the cable for the electric car is opened); • Alarm; • Closed area; • In the house only three apartments; = = = = = = = = = = = = = = = = = = = = = = = = = = = = = = = = = = = = = = = = = = = = = = = = = = = = = = = = = = = = = = = = = = = GENERAL: • 100% finality; • 53,61 sq.m.; • Adjustable individual gas heating; • Just 2 km to Šventoji and 12 km to Palanga; • Bicycle and hiking path along the forest; • Holidaymakers like to expand with their active summer entertainment! = = = = = = = = = = = = = = = = = = = = = = = = = = = = = = = = = = = = = = = = = = = = = = = = = = = = = = = = = = = = = = = = =  Do you have any unanswered questions or want to see? CAPITAL Palanga NT Broker Vaida Jankūnaitė Sudekienė Tel., e-mail: all the latest CAPITAL real estate ads can be found on our website www.capital.lt. Please visit!","['https://realting.com/uploads/bigSlider/ce1/501f795b957b8bb1e098ed1a63d34.webp', 'https://realting.com/uploads/bigSlider/ccf/8c64eca55ae2ade88446e448c839f.webp', 'https://realting.com/uploads/bigSlider/eb7/e626ea70f90475c106940490e4cc4.webp', 'https://realting.com/uploads/bigSlider/9e5/b5a38bbc806945361c23c790cb4c2.webp', 'https://realting.com/uploads/bigSlider/792/57a8b980333511fc274009f7119fb.webp', 'https://realting.com/uploads/bigSlider/1f6/12bddc05c838452c746f7f34a16f7.webp', 'https://realting.com/uploads/bigSlider/341/b1be0f0d86517ad790ec607841bdb.webp', 'https://realting.com/uploads/bigSlider/ce8/35467bfa682fb22baffadc0ba2244.webp', 'https://realting.com/uploads/bigSlider/e00/1c385d9cc44286dffc6a69041837a.webp', 'https://realting.com/uploads/bigSlider/e11/86909a974d5a566ca005d6f661603.webp', 'https://realting.com/uploads/bigSlider/c99/a2161ab89b5b85b6b5203fd04cda9.webp', 'https://realting.com/uploads/bigSlider/a89/8be8363c23f8ed991d80ab60cb409.webp', 'https://realting.com/uploads/bigSlider/79e/a220798fee029a8a0041f849836d2.webp', 'https://realting.com/uploads/bigSlider/28e/5dbe999c96865da0528ff25b2ae4d.webp', 'https://realting.com/uploads/bigSlider/8d4/06eb1904164424499b40b2c3d294f.webp', 'https://realting.com/uploads/bigSlider/007/59bf2738be39b6da94955a01c78b9.webp', 'https://realting.com/uploads/bigSlider/ff0/6c0885c9b503d291ae848459e012e.webp']"
https://realting.com/lithuania/property/3782794,"2 room apartment 63 m² Vilnius, Lithuania",Lithuania,Vilnius County,Vilnius city municipality,Vilnius,"Perkunkiemio g, 43",N/A,N/A,"€169,000","$3,079/m²",8,16,63 m²,2,2007,N/A,"SALE IN ITIN SPACE, SECOND PLAY 2 CAPBASIS!  This apartment will become a great choice for those looking for more space in a new building block. When you live here, you will reach the city centre in just 7 minutes by car, and if you need daily services you will find them in close proximity to your home - shopping centres, beauty salons, medical centres. All solutions that ensure a comfortable, safe and cost-effective lifestyle have been installed on the object sold - regulated central-collector heating, air conditioning with two internal blocks, two lifts, video cameras are monitored and protected in the neighbourhood of the house. _ _ _ _ _ _ _ _ _ _ _ _  GENERAL  Address: Perkunkiemio g. 43 Total area: 63,23 m2 High: 8 / 16 Number of rooms: 2 Type of house: masonry Heating: central - collector Year of construction: 2007  PRINCIPLES - Very spacious, functional planning apartment. - The apartment has a spacious balcony. - Sold with all furniture and household appliances. - The apartment has 2 air conditioners - bedroom and living room. - Spacious wall closets in the bedroom and corridor are customized. - 24 / 7 video cameras monitor the territory of the house and the staircase. - Neat staircase with 2 elevators. - Near the house formed new The square of the town with children's playgrounds and sports areas. - Just 6 km away from Vilnius city center.  DISTRIBUTION OF BUTO  Living room with kitchen area and hall - 39,55 m2 Bedroom - 16,26 m2 Clothing - 1,47 m2 Bathroom - 3.73 m2 WC - 2,22 m2 Hall - 7,79 m2  INSTALLATION OF BUTTER  Wall: painted, bath tiles. Floors: laminate, bathtub tiles. Windows: plastic. Doors: armoured. You can find all the latest CAPITAL real estate ads on our website www.capital.lt. Please visit!","['https://realting.com/uploads/bigSlider/8c3/8baf31f15529a9de09fbd2bf030a3.webp', 'https://realting.com/uploads/bigSlider/9be/e43f3c85d03af95bd8919b589ce6f.webp', 'https://realting.com/uploads/bigSlider/cd3/c97203d40fd9b7cea860936c076b3.webp', 'https://realting.com/uploads/bigSlider/808/dac360569ff0a6df307c740c64619.webp', 'https://realting.com/uploads/bigSlider/5f9/849ddf7530bc93f9f6b05815c38c2.webp', 'https://realting.com/uploads/bigSlider/704/53763bb03f36e89c60cdf94fdac94.webp', 'https://realting.com/uploads/bigSlider/f03/8ca969c1dda3409c6e8051f50c2e5.webp', 'https://realting.com/uploads/bigSlider/986/29888ea5d70e2b2df0146a487bb34.webp', 'https://realting.com/uploads/bigSlider/5c1/611445b3f0dd0e718e4752778ef4e.webp', 'https://realting.com/uploads/bigSlider/e53/204d03a35a4e72a62791a6ad8fa5a.webp', 'https://realting.com/uploads/bigSlider/c66/a23be97f13803426b70675e40a159.webp', 'https://realting.com/uploads/bigSlider/c23/33072662104e7354517c8db91e048.webp', 'https://realting.com/uploads/bigSlider/460/e0e15fcdbf2b7bac0f95912929ad0.webp', 'https://realting.com/uploads/bigSlider/e4e/f3da41a63532fff4db97dd69ea815.webp', 'https://realting.com/uploads/bigSlider/dd6/63967ad67315c3e1b4e41f9935fd1.webp', 'https://realting.com/uploads/bigSlider/b36/83776ff2c533135b217f2dd26bc68.webp', 'https://realting.com/uploads/bigSlider/f3d/ec09c07c7064182a76c1cba6a1beb.webp', 'https://realting.com/uploads/bigSlider/981/a3d30dba47b9f3607b8c79e19cad6.webp', 'https://realting.com/uploads/bigSlider/1b2/e14464640e068097c8d56a802ac10.webp', 'https://realting.com/uploads/bigSlider/6cc/143271cdb8f1dbdc210cf85f4f9d3.webp']"
https://realting.com/lithuania/property/3739563,"1 room apartment 19 m² Vilnius, Lithuania",Lithuania,Vilnius County,Vilnius city municipality,Vilnius,"V Sopeno g, 1 b",N/A,N/A,"€100,300","$6,005/m²",2,3,19 m²,1,1940,{'Construction materials': 'Brick'},"Sold YACK 1 CASTLE BUT IN THE SEAMILY, IN THE BASE! _ _ _ _ _ The apartment is located in the Old Town of Vilnius, in a strategically convenient place - only 12 minutes to the Town Hall Square on foot. The apartment is especially comfortable for those who want to enjoy Vilnius Old Town every day and the most important places to reach on foot, within a radius of km. There are lots of restaurants, various shops and cultural objects around, which will not allow boredom and will provide every opportunity to know the real city of Vilnius. _ _ _ _ _  PRINCIPLES: - Nice installation; - Modern, stylish and cozy apartment interior; - For sale with furniture and household appliances; - A well-used apartment space; - There is an dining table; - The apartment is in the inner courtyard, so there will be no bustle of the street; - The perfect place of the apartment will enjoy all the pleasures of the Old Town. The main streets of the Old Town, galleries, museums and cosy cafes will be reached in just a few minutes; - Excellent public and private transport to all parts of the city. _ _ _ _ _ GENERAL: - Address: Old Town, V. Šopeno g. 1B, Vilnius; - Total area: 19.47 sq.m; - House type: masonry; - High: 2 / 3; - Room App: 1; - Heating: electric; - Year of construction: 1940; - Parking: in the enclosed yard. _ _ _ _ _ INFRASTRUCTURE: ~ 0.9 km to Town Hall Square; ~ 1.8 km to Cathedral Square. EDUCATION BODIES: ~ 0.35 km to Vilnius Adam Mickevičius lichei; ~ 0.45 km to Vilnius cradle-kindergarten ""Geolynas""; ~ 0.75 km to Vilnius Simonas Daukantas progymnasium. AUTOBEEPS: ~ 0.21 km to the Ovalne St.; ~ 0.25 km to Švitrigaila st. ~ 0.40 km to Flower TRADE CENTRES: ~ 0.50 km to ""IKI Express"" - Railway station; ~ 0.60 km to MAXIMA. STORES: ~ 0.25 Vilnius Bus Station; ~ 0.35 Vilnius railway station. You can find all the latest CAPITAL real estate ads on our website www.capital.lt. Please visit!","['https://realting.com/uploads/bigSlider/608/93ddb9911c239fef645359f90aacb.webp', 'https://realting.com/uploads/bigSlider/6c3/bb5d2b9246c0ffe747c66e86c50ec.webp', 'https://realting.com/uploads/bigSlider/e24/711bd26c483e0dc4f8e5c10766512.webp', 'https://realting.com/uploads/bigSlider/939/198056a6fea1454336ba4ef6c5a24.webp', 'https://realting.com/uploads/bigSlider/e78/7478dcc99d7c4aea6ac6a3c8ed098.webp', 'https://realting.com/uploads/bigSlider/938/b2d2790a7db5e617f9dbd795f1f22.webp', 'https://realting.com/uploads/bigSlider/717/65ddb28b4652cc8c6e5f1ce1bf616.webp', 'https://realting.com/uploads/bigSlider/007/f87eb03ed37561137b428c86c1388.webp', 'https://realting.com/uploads/bigSlider/ab4/510b7198377b0e37192ba1d6c1dfb.webp', 'https://realting.com/uploads/bigSlider/7b8/94a6b976ed38db89732854b36383e.webp', 'https://realting.com/uploads/bigSlider/254/654ea73ebaa980fefe70d3bf546ac.webp', 'https://realting.com/uploads/bigSlider/48c/0f4d93d47d9148ea6b29fd9c07240.webp', 'https://realting.com/uploads/bigSlider/d0c/fa37b3f9d5d1afba1fa51839447e9.webp', 'https://realting.com/uploads/bigSlider/35f/8c45cf83c8a9eab8d56a2d7c3adbd.webp']"
https://realting.com/lithuania/property/3781920,"2 room apartment 34 m² Kaunas, Lithuania",Lithuania,Kaunas County,Kauno miesto savivaldybe,Kaunas,"Griciupio g, 7",N/A,N/A,"€86,500","$2,994/m²",5,5,34 m²,2,,"{'Interior Features': 'Internet', 'Security features': 'Combination Lock'}","1.5 room apartment for sale in Gručiupio g. 7 with all furniture and household appliances.  The apartment is after major repairs (made a year ago), during which all pipelines, electrical installation, recuperator, dragging ceilings, modified floor, walls, doors and new furniture were replaced. A month ago, the walls were also painted.  The apartment is suitable for both personal needs and rent. There is a KTU nearby, so tenants are never missing.  Neat neighbors, and in the yard there is always somewhere to park a car  ---  PRINCIPLES: ✅ Roundabouts ✅ Furniture remains ✅ Household appliances remain ✅ Plastic windows ✅ You can live immediately  ---  GENERAL ✅ Total area - 33.5 m ² ✅ High - 5 / 5 ✅ Number of rooms - 1,5 ✅ Year of construction - 1972 ✅ Building type - masonry  ---  LOCATION: ✅ Near the student town, KTU, shopping centre ""Molas"" ✅ 100 meters to the store ""IKI"" ✅ 10 minutes to Kaunas Centre ✅ Grill microdistrict - calm, with good infrastructure, suitable for both life and rent  ---  Paul Nečiūnas Capital Up  You can find all the latest CAPITAL real estate ads on our website www.capital.lt. Please visit!","['https://realting.com/uploads/bigSlider/9bd/fce2ca803d0a292bdaa48ac5fc0c4.webp', 'https://realting.com/uploads/bigSlider/1de/731c85abe5690c6592a7c64c9283e.webp', 'https://realting.com/uploads/bigSlider/f67/02a9e0d383c91407bf90f43e6fa9c.webp', 'https://realting.com/uploads/bigSlider/46e/f1e0b793a2a2ad75a2f6c33294f57.webp', 'https://realting.com/uploads/bigSlider/e83/9b17b7579e7ea6e7cf328a8361b34.webp', 'https://realting.com/uploads/bigSlider/313/01a3e008ae6d7391542e30658673a.webp', 'https://realting.com/uploads/bigSlider/bdb/063b984e8f9fb69b5878b9aec4bde.webp', 'https://realting.com/uploads/bigSlider/d01/77f869530d76c5c8e9b475c46b193.webp', 'https://realting.com/uploads/bigSlider/59e/c61fbc443a1765879415b9ed76c0c.webp', 'https://realting.com/uploads/bigSlider/4a3/6b9fe6c671441d6e0cae138269f8d.webp', 'https://realting.com/uploads/bigSlider/08e/545f1ec0a6e0b93374d303d87b577.webp', 'https://realting.com/uploads/bigSlider/b69/ccb1caeba1dee5fc205b01bc42015.webp', 'https://realting.com/uploads/bigSlider/e97/5505c1772c86488f8208876340fff.webp', 'https://realting.com/uploads/bigSlider/73e/73d41a247ea4596ff772a02d75f03.webp', 'https://realting.com/uploads/bigSlider/e01/b99d8235945f28074bc90294f0b44.webp', 'https://realting.com/uploads/bigSlider/0d8/903b863c08a7e4042182396ae06fd.webp', 'https://realting.com/uploads/bigSlider/632/5f7bbc3144e2dca505079e26ca4f0.webp', 'https://realting.com/uploads/bigSlider/6b2/ad6141c9294b20e35220a0a22870c.webp', 'https://realting.com/uploads/bigSlider/9bf/a859b99cc964eb6d9542221bfee7b.webp', 'https://realting.com/uploads/bigSlider/870/def24d74c534cec395f6ddf148ed8.webp']"
https://realting.com/lithuania/property/3788327,"2 room apartment 49 m² Kaunas, Lithuania",Lithuania,Kaunas County,Kauno miesto savivaldybe,Kaunas,"Sarkuvos g, 22",N/A,N/A,"€99,900","$2,407/m²",5,5,49 m²,2,1988,"{'Heating': 'Central heating', 'Interior Features': 'Balcony', 'Security features': 'Combination Lock', 'Construction materials': 'Precast'}","2 rooms apartment for sale in Kaunas, Šilainiai, Šarkuva street _ _ _ _ _ _ BASIC PRINCIPLES  • Neat staircase, quiet neighborhood • The windows are focused on both sides - the apartment is bright and cozy all day. • A glazed balcony. • Spacious basement - extra space for storage. • Apartment corner - less neighbors, more privacy. • A great choice for both life and investment (rent). • The apartment needs repairs - a great opportunity to prepare according to its taste and needs. • Comfortable location - good access to the city centre and other areas. _ _ _ _ _ _ GENERAL Number of rooms: 2 (no transition) Total area: 48,84 sq.m High: 5 from 5 Year of construction: 1987 _ _ _ _ _ _ DISTRIBUTION Room - 11,87 sq.m Room - 16,97 sq.m Kitchen - 9.03 sq. m. Bathroom - 2,55 sq. m WC - 1,18 sq. m. Corridor - 4.22 sq. m and 3.14 sq. m _ _ _ _ _ _ INFRASTRUCTURE • Schools: In the vicinity of Kaunas Tado Ivanauskas progymnasium, Kaunas Šilainiai gymnasium. • Tails: Next to Kaunas cruskelis - kindergarten ""Childhood,"" Kaunas lopšelis - kindergarten ""Žvangutis."" • Supermarkets: You will reach Maxima, IKI, Rimi. • Parks and rest: Near Santakos Park and other green spaces for walks and active leisure. • Transport: Comfortable bus transport - nearby public transport stations, you will easily reach the city centre and other districts.  Everything you need for a comfortable life - just a few minutes away! _ _ _ _ _ _ CONTACTS Call - we will agree on a convenient time for you! NT Broker: Rosvita Mazaliauskas Tel.:  We help to arrange the documents for obtaining a bank loan and choose the most favourable financing terms.  If you want to sell your assets and buy this - please, I will be happy to help! I come to the subject to evaluate and consult for free.   You can find all the latest CAPITAL real estate ads on our website www.capital.lt. Please visit!","['https://realting.com/uploads/bigSlider/5a2/281f2303c0c3ba4c7a43e7c975d5a.webp', 'https://realting.com/uploads/bigSlider/08c/ef50875d219863dd098a0a11a22a3.webp', 'https://realting.com/uploads/bigSlider/c06/73d1fe024fa225581485c321f1103.webp', 'https://realting.com/uploads/bigSlider/9ac/b417bcb69d2d027aacd7e7b0deafa.webp', 'https://realting.com/uploads/bigSlider/406/8837038086b8563ab83e770268be8.webp', 'https://realting.com/uploads/bigSlider/9e7/32f13f53d455384dd41f8a54f60ad.webp', 'https://realting.com/uploads/bigSlider/394/892a23efb305537c1b2fd062b27ad.webp', 'https://realting.com/uploads/bigSlider/aee/b8f73c80f9cc4d89e61005dbcb9ed.webp', 'https://realting.com/uploads/bigSlider/9ab/a0dc06f5153307ce486952f32949d.webp', 'https://realting.com/uploads/bigSlider/c25/046a78e6a5d91a8ddd7b37be920b0.webp', 'https://realting.com/uploads/bigSlider/b69/dfca6491e3b5503ff6255371c3a5c.webp', 'https://realting.com/uploads/bigSlider/a67/3d63789919586e28421842cd16660.webp', 'https://realting.com/uploads/bigSlider/156/fb509aa4188ac9ca14273b23434d4.webp', 'https://realting.com/uploads/bigSlider/5a8/2a40ea1db89a03de58c4457dfd720.webp']"
https://realting.com/lithuania/property/3790388,"3 room apartment 61 m² Panevėžys, Lithuania",Lithuania,Panevezys County,Panevezio miesto savivaldybe,Panevėžys,"Suvalku g, 4",N/A,N/A,"€150,000","$2,876/m²",3,4,61 m²,3,2017,"{'Interior Features': 'Balcony', 'Security features': 'Combination Lock', 'Construction materials': 'Brick', 'Sewer information': 'Central collector'}","SALE OF DIFFERENT, LIGHT AND SPREADS 3 CASTLE BUILDING IN THE SEAT CENTRE! It is a great opportunity for those who dream to live in the rhythm of the city and enjoy all the amenities it provides. The apartment is fully equipped, located in the heart of the city, where everything is available by hand. Excellent access, advanced infrastructure, nearby - shops, cafes, cultural sites and main urban areas. These are liquid assets suitable for both comfortable life and investment.  PRINCIPLES: - The apartment is free you can move now. - Cosy, quality furnished apartment. - Modern and comfortable housing layout. - Apartment for sale with some furniture and quality household appliances - Kitchen furniture and kitchen equipment - For your convenience, a perfect connection with both own and public transport as well as on foot. - Apartment inside warm, small utilities - Safe and friendly environment, quiet neighbours - For sale with pantry 3.91 sq.m.  GENERAL: - Address Suvalkų g. 4 -House stone construction 2017. - Balcony - High 3 / 4 -3 rooms spacious rooms. - Heating: central collector- paving, individual accounting and regulation. Apartment area 61.00 sq.m. + 3,91 sq.m. scooter - All communication in the city -Windows: plastic -Doors: armoured - Internet / Television: available  PLANNED FOR SALE OR REMOVING: - I will charge you a free price. - I will prepare your accommodation for sale professionally. - I'll handle all the necessary documents. - I'll secure a quick and secure deal. REMOTE NOW! PARIJDA: Gintautas Tamkevičius Mob., E-mail: Are you going to decide on real estate? Do you want to sell or buy, rent or rent? Required A surveyor, an assessor or or an APDAILININE? I will find the most appropriate solution and provide help! Consultation is free! You can also contact on weekends! I will help my clients to obtain exceptional financing conditions in Lithuanian banks.   You can find all the latest CAPITAL real estate ads on our website www.capital.lt. Please visit!","['https://realting.com/uploads/bigSlider/5cc/833415d82815396e1bd81e12777b9.webp', 'https://realting.com/uploads/bigSlider/f84/24f65b3de374e3126e4f71ed9bbf7.webp', 'https://realting.com/uploads/bigSlider/078/98dc08f56c1517d0b7410ee1120de.webp', 'https://realting.com/uploads/bigSlider/f09/7b4fbb090e2d632de9282f57d4441.webp', 'https://realting.com/uploads/bigSlider/4c5/036a0f46043177ed34c16e9e380cb.webp', 'https://realting.com/uploads/bigSlider/56a/56181a82676138c34f11837a12f7d.webp', 'https://realting.com/uploads/bigSlider/48c/853c1d95d480833a3246f7a173172.webp', 'https://realting.com/uploads/bigSlider/921/8f297deacb1843c1f0c0ff1a52d65.webp', 'https://realting.com/uploads/bigSlider/3ad/d2dae576a74ae5d86a89fe5c74c0d.webp', 'https://realting.com/uploads/bigSlider/0b1/020f7ec8976668180107c84f2a6a6.webp', 'https://realting.com/uploads/bigSlider/afa/6c9b4c667b760f7cb353aff8b7d8e.webp', 'https://realting.com/uploads/bigSlider/1e3/4e53a424e5447c7e05960af79fff9.webp', 'https://realting.com/uploads/bigSlider/49e/9e741eccc0a0ce917b46e7f029070.webp', 'https://realting.com/uploads/bigSlider/70f/711e01a01e76ce74c09ce24aab071.webp', 'https://realting.com/uploads/bigSlider/f9d/710c571a328728936d26cd498cfb7.webp', 'https://realting.com/uploads/bigSlider/a3d/1267ca48ad075a2a57f7c78c2389c.webp', 'https://realting.com/uploads/bigSlider/c88/7a22f168f1922190be7328cdf17a6.webp', 'https://realting.com/uploads/bigSlider/db0/f449c4cffe6943ba9767e3b7f3b7a.webp', 'https://realting.com/uploads/bigSlider/bd6/2c69b8903a2fb00b2df193858cb05.webp']"
https://realting.com/lithuania/property/3789642,"4 room apartment 98 m² Jonava, Lithuania",Lithuania,Kaunas County,Jonavos rajono savivaldybe,Jonava,144,N/A,N/A,"€180,000","$2,169/m²",2,2,98 m²,4,2025,"{'Interior Features': 'High ceilings', 'Repair features': 'Partial finish'}","Two-apartment cottages with a plot of land on the banks of the River! - The first high has plots to Neris cradle  Second floor has terraces and parking places  Access to the river is provided for all in common.  - Please agree at least the day before the inspection. The project has an alarm, so it is not allowed to walk arbitrarily ‼️-  4 rooms, area 96 m ², sold with partial finish (85 percent)  We can be fully equipped.  The end of the work is expected to be a quarter of 2026.  - Life before The Neris creates harmony of peace and comfort. Imagine the morning when you open the house door There is a refreshing aroma of pine resin, and a beautiful view of the river flowing quietly opens through the windows. Here, on the coast of Neris, a new stage of life begins - full of peace, natural harmony and all the city advantages. Three spacious bedrooms will provide privacy for everyone, while cosy designed space will inspire creating, dreaming and enjoy everyday life. - ❗️RESERVES 2D - 1 AND 2 Table 2 Table 2 - ✅ Apartments on the first floor have 3 century plots ✅ The apartment on the second floor has a terrace of 25 m2. - GENERAL ✅ Address: Uples g. 2, Kreslėnų k., Užusalių sen., Jonavos r. sav. ✅ Cottage - 4 rooms. ✅ Finality: sold with partial finish. - 85% ✅ Building type: Wooden framework building with slate tile and wood finish. ✅ Energy class: A +. ✅ Sound insulation class: C. ✅ Windows wooden ✅ Electric: 9 kW - PRINCIPLES ✅ The river is visible through the windows and the balcony. ✅ Completeness 85% - we can fully install. ✅ Trusted builder. ✅ Exclusive finish. ✅ An orderly goodness. ✅ Private territory. ✅ Fenced plot ✅ Asfalted access ✅ Peace in nature - LOCATION ✅ 25 minutes to Kaunas Centre. ✅ 10 min to Kaunas FEZ ✅ 15 min to Jonava ✅ The area is afforested, there are rest areas. ✅ Access through the gate, controlled by the phone. ✅ A + energy class - low heating costs. - FURTHER INFORMATION ✅ Construction: Yellow concrete poles, monolithic rostverk plate, flat roof with thermal insulation. ✅ Territory: Purged, afforested, equipped recreation areas; access through the gates operated by telephone. ✅ Slope and total area: 3. ✅ In four parking places. - COMMUNICATION ✅ Sanitary ware: Water supply and waste water lead to sanitary points, equipped with water accounting. ✅ Ventilation: Prepared ventilation ducts, place for recuperator. ✅ Heating: Ground heating, oro-water system, individual regulation. ✅ We'll get the recuperator ducts out. - Paul Nečiūnas  Capital Up All the latest CAPITAL real estate ads can be found on our website www.capital.lt. Please visit!","['https://realting.com/uploads/bigSlider/6cf/6170f0871f203347a01e74253ce72.webp', 'https://realting.com/uploads/bigSlider/7ca/f393d6737eeb0352913d68f3e8aa9.webp', 'https://realting.com/uploads/bigSlider/030/08a9ed0419452f7c6e1f5820b968b.webp', 'https://realting.com/uploads/bigSlider/214/d7284e44712868db8a55b8130c6df.webp', 'https://realting.com/uploads/bigSlider/43d/7723ef4350febfc4db8c08f44b886.webp', 'https://realting.com/uploads/bigSlider/f4c/2d22275d853e76430ff53fac198d5.webp']"
https://realting.com/lithuania/property/3787348,"3 room apartment 56 m² Vilnius, Lithuania",Lithuania,Vilnius County,Vilnius city municipality,Vilnius,"Totoriu g, 8 Lietuvos pastas",N/A,N/A,"€365,000","$7,552/m²",3,4,56 m²,3,2025,"{'Heating': 'Central heating', 'Construction materials': 'Brick'}","PARKYDAM newly renovated BUT IN SENAMIESTAS with a warehouse, COUNTRY GEDIMININ PR.  • IS 2 NON-TRANSITIONAL CAMORIALS + kitchen and living space • There is an orderly handling / ACID • HAVE BEEN COVERED IN QUALITY • There are even 3 WEEKS • CLOSED CIRCUMSTANCES, PROCESSING AND SECURITY • ALL COUNTRY IS A PUBLIC TRANSPORT STOCK • STRATEGIC LOCATION - Next to GEDIMINO PR., SENAMIESTIS • A good investment where real estate prices are stable and rising  GENERAL: • Address: Totorio g. 8, Old Town / New Town / Centre • Apartment area: 56,49 sq.m + pantry / basement • High / High: 3 / 4 • Functional layout: 2 rooms, 1 kitchen with living space, WC and bathroom • Apartment warm and sunny  INSTALLATION: • Cosy interior, dominant palette of calm colors, high ceilings, thick walls, very high quality installation • Windows: spacious, filled apartment for light and cosiness, plastic frames even with glass packets, oriented to the inner courtyard • Doors: indoors, armoured, indoor - wooden, renovated • Wall: newly painted, sans - quality tiles. • Floors: parquet, sans and kitchen - tiles, bathroom - heated floor • San. knot: WC and bathroom • There are 3 DOMESTIC SIDES (in front of the room and bedrooms)  NAM and ENVIRONMENT: • Year of construction: In 1940, the apartment was renovated / renovated in 2025 • Sustainable and peaceful neighbours • House type: brick masonry • Closed courtyard where you can park a car for residents of the house • Neat and clean staircase with locked doors, is a domophone  VOTES AND BUYER TECHNIQUES: • For sale with integrated furniture and new equipment (visible in photos). The kitchen has an oven, dishwasher, fridge with freezer, washing machine. Additional movable furniture can be consulted in addition.  OPERATING EXPENDITURE: • Heating costs (type city central) - EUR 41 (for October 2025), EUR 51 (for November 2025), EUR 82 (for December 2025), EUR 142 (for January 2026), EUR 120 (for February 2026) • Building and yard maintenance, staircase lighting, garbage removal, etc. - about 20-30 Eur / month • Cold and hot water, electricity - actual consumption and current tariffs  SALE: • You can park in an enclosed inner yard (free of charge) • There is an opportunity to park a car in Totorio str. and around the surrounding area when buying a parking ticket in the city (rent ~ 50 Eur)  LOCATION • A very good and strategically convenient place where all the most important objects and attractions are available on foot for all family members • When returning to the house, it will be nice to have tea in nearby cafes and buy delicious delicacies in nearby shops • The perfect place of the apartment allows you to enjoy all the pleasures of the Old Town, as if all theatres, philharmonic, concert halls, galleries, museums, best restaurants and cozy cafes are available by hand • The Bernardine Garden (formerly Seeikiai Park) or the renewed Neris embankment can be your daily walk or running place • Safe and comfortable place for life • Excellent access to all places in Vilnius, both on foot and by car • To the public transport stop - about 200 m • To the shopping centre Lidl (Gedimino 9) - about 150 m  I invite you to look at your convenient time!  NT Broker JUSTINA ZABAUSES 0 6 7 0 8 0 6 0 3  Questions? You want to check it out? Call or write an SMS! You can find all the latest CAPITAL real estate ads on our website www.capital.lt. Please visit!","['https://realting.com/uploads/bigSlider/74c/3252f488c5edcc892625dc6330698.webp', 'https://realting.com/uploads/bigSlider/4e7/4ede3c2e180b883e6750d63131aba.webp', 'https://realting.com/uploads/bigSlider/99b/d52b8140e6aa07b74f69bc1dafc5c.webp', 'https://realting.com/uploads/bigSlider/189/b9e8bb0066471c915a5b118559f1b.webp', 'https://realting.com/uploads/bigSlider/e4c/ab807d5f959e1e05bd92b67585326.webp', 'https://realting.com/uploads/bigSlider/62d/af06ec15262fa8916cf7ed821b2a1.webp', 'https://realting.com/uploads/bigSlider/cbb/993c6a42630df414a6ab028012e7a.webp', 'https://realting.com/uploads/bigSlider/c2c/66b52fc9e3d8007d880c5c4ef487a.webp', 'https://realting.com/uploads/bigSlider/bfd/632676b0c83be3d44016a74338b0a.webp', 'https://realting.com/uploads/bigSlider/2e2/c541c2277b7f8358a6ad0237ae1b0.webp', 'https://realting.com/uploads/bigSlider/1cc/ee926fce64f0d842b1aa8fb5cdd13.webp', 'https://realting.com/uploads/bigSlider/bbe/2180fe07b5e1074dbe69e82dcbb71.webp', 'https://realting.com/uploads/bigSlider/c8d/196c860d9bec398a5a10203cdb5ef.webp', 'https://realting.com/uploads/bigSlider/4a1/18f1fda88d6029312fa093765e63d.webp', 'https://realting.com/uploads/bigSlider/b63/ce3010443e7cdc1939184414f9104.webp', 'https://realting.com/uploads/bigSlider/74b/eecb1c5f2b3cf116608b7af6fc62a.webp', 'https://realting.com/uploads/bigSlider/12f/8bf4194b4fcf1c9f9ea57035a5afc.webp', 'https://realting.com/uploads/bigSlider/cb5/3f030922a4c620686df8f121cff63.webp', 'https://realting.com/uploads/bigSlider/d66/f4a200c37471cca6f641010dfa7c9.webp', 'https://realting.com/uploads/bigSlider/342/e9d20bc36fa59a8c2f1066f482417.webp']"
https://realting.com/lithuania/property/3766492,"2 room apartment 50 m² Kaunas, Lithuania",Lithuania,Kaunas County,Kauno miesto savivaldybe,Kaunas,"K Skirpos g, 7",N/A,N/A,"€109,000","$2,517/m²",5,5,50 m²,2,1978,N/A,"Looking for peace in the city? Two-room apartment for sale in K. Škirpos street, on the top floor, near nature - near Kalniečių Park and the forest of Kleboniškis, also conveniently accessible Kaunas Clinic. Soon, even more convenient access will be ensured by the next built bridge to the PC Mega. _ _ _ _ _ _ GENERAL: ✅ Address: K. Škirpos g. 7, Kaunas ✅ Number of rooms: 2 ✅ Total area: 49,94 sq.m ✅ High: 5 / 5 ✅ Type of house: block ✅ The apartment has a basement 4.55 sq.m ✅ There is a glazed neat balcony ✅ House administered by active home community _ _ _ _ _ _ PRINCIPLES: ✅ Functional layout of the apartment ✅ Light rooms ✅ Sustainable and green environment ✅ Neat apartment ✅ Comfortable place for life - near the shop, schools, kindergartens ✅ Good access to other urban areas ✅ Near public transport stations ✅ To Kaunas center about 4.5 km ✅ This is a great choice for both life and rent investment. _ _ _ _ _ _ INSTALLATION: ✅ The walls are painted and painted; ✅ Floor - laminate; ✅ Windows: wooden with glass packets; ✅ Paint ceilings; ✅ Bathroom and toilet separately; ✅ Updated pipeline _ _ _ _ _ _  BUYER NO CHARGES!  EXCLUSIVE INFORMATION / SUPERVISION CONTACT To NT BROKERI IGNE KROL + 37061203203 Ignas Kulys, call you at a convenient time or write all the latest CAPITAL real estate ads on our website www.capital.lt. Please visit!","['https://realting.com/uploads/bigSlider/e45/7e7020fbc5edc05f65a6745e2b399.webp', 'https://realting.com/uploads/bigSlider/ec2/3481582ff965b9bbc2a85d6b7b539.webp', 'https://realting.com/uploads/bigSlider/333/f0e675995f42e7c82588704251e41.webp', 'https://realting.com/uploads/bigSlider/e94/20b31bcae4ef5373f82b1756b81c9.webp', 'https://realting.com/uploads/bigSlider/a34/49648d8e234cc40efd5eccb562dcd.webp', 'https://realting.com/uploads/bigSlider/cce/9288afb2001bbc9a3b0d30e33a3ba.webp', 'https://realting.com/uploads/bigSlider/175/a2dde1a3234ecddc0792a0bf23b2c.webp', 'https://realting.com/uploads/bigSlider/3b9/911f7878ff899cd1f50b0c54d23ab.webp', 'https://realting.com/uploads/bigSlider/729/726817df9b343a3a2a580c1d8d619.webp', 'https://realting.com/uploads/bigSlider/a11/6da2a1117d97c4b62b6d1ccda3cf6.webp', 'https://realting.com/uploads/bigSlider/534/86893209570406c223832c254e0e7.webp', 'https://realting.com/uploads/bigSlider/ae7/1741b067ef0a7e34d29ba07399602.webp', 'https://realting.com/uploads/bigSlider/b8e/ea167d17de3efbbde172e846bd375.webp', 'https://realting.com/uploads/bigSlider/674/7988ad11b2c49ff3719732cc230a4.webp', 'https://realting.com/uploads/bigSlider/55b/5cae5156aa530f7579bdee1988603.webp', 'https://realting.com/uploads/bigSlider/c23/6dfe5de6e1f5acc323c0c88088d4e.webp', 'https://realting.com/uploads/bigSlider/bfe/1d8e4376a2db6cac218aa93c29d55.webp', 'https://realting.com/uploads/bigSlider/9aa/e825e51880e4f23fb51a25e09cbaa.webp', 'https://realting.com/uploads/bigSlider/4a2/d43aeb881ef4653b01ba45fbc9e1b.webp', 'https://realting.com/uploads/bigSlider/0c5/1aa9a339da5d3a5c47f1b73aa271e.webp']"
https://realting.com/lithuania/property/2052902,"2 room apartment 72 m² Kaunas, Lithuania",Lithuania,Kaunas County,Kauno miesto savivaldybe,Kaunas,"Draugystes g, 19 a",N/A,N/A,"€86,000","$1,394/m²",7,12,72 m²,2,1987,"{'Interior Features': 'Internet', 'Construction materials': 'Brick', 'Sewer information': 'Central collector', 'Exterior features': 'Elevator'}","2 kmbr for sale. 71.50 sq.m. apartment Draugystės str., Dainava, Kaunas  DESCRIPTION OF THE APARTMENT: . Area - 65.86 + 5.64 common rooms sq.m. . High - 7/12 . Sold with all furniture and appliances . The apartment has been newly overhauled, new pipelines, electrical installation has been changed . The door to the apartment is armored . Two bathrooms . It is possible to install a sauna . The windows are plastic, oriented to the southwest . The floor is laminate, tiles in the bathrooms . Walls - leveled, painted . Three elevators, one of which is freight . Conditioner . Warehouse  DESCRIPTION OF THE HOUSE: . Year of construction - 1987 . Masonry . Spacious parking around the house, a lot right next to the staircase door .         12 floors . Double lockable well-arranged staircase, armored door  COMMUNICATIONS: . Water supply - city . Sewerage - city . Heating - central collector . Electricity  LOCATION AND INFRASTRUCTURE: . Draugystės str., Dainava, Kaunas . The distance to the center is 7.73 km, or 13 minutes by car .Nearby shopping town ""URMAS"", ""Senukai"", ""Maxima"", ""Lidl"", ""Hermitage"", sports club ""Gym+"" . Convenient access to the house, surrounded by a large and spacious parking lot . Convenient exit to the main Lithuanian road A1 via the newly reconstructed Ateitis highway . From this place, it is very convenient to connect with the city center and other districts by personal and public transport, the bus stop is just 15 meters away.  Isaac May Capital Kaunas 8 699 57224     We invite you for inspection and negotiations at a time convenient for you! You can find all the latest CAPITAL real estate ads on our website www.capital.lt. We invite you to visit!","['https://realting.com/uploads/bigSlider/c3a/a97b97f80eba2bf8df9a32140fd49.webp', 'https://realting.com/uploads/bigSlider/139/c7bde04dac4ef755d55d985b2f4b2.webp', 'https://realting.com/uploads/bigSlider/b84/1e2235b0101d6228f670b1df1442b.webp', 'https://realting.com/uploads/bigSlider/765/13e68570a6dc5138fec1655908837.webp', 'https://realting.com/uploads/bigSlider/376/50398b1c93804dcecbe5e606f0c90.webp', 'https://realting.com/uploads/bigSlider/0f9/f48b0952c16d3f9c1646ea4d516ca.webp', 'https://realting.com/uploads/bigSlider/fed/af0eeed7de5172470119d4a89e568.webp', 'https://realting.com/uploads/bigSlider/620/cbb7738267fd4114f23233a3c1ea9.webp', 'https://realting.com/uploads/bigSlider/22d/9c673e1b905192d8d6456d12f2ecf.webp', 'https://realting.com/uploads/bigSlider/4b0/3b4a8094d9178ddbc3c5fb5f0fe2b.webp', 'https://realting.com/uploads/bigSlider/02e/690996c8a10b10d1426e1ecf63bc0.webp', 'https://realting.com/uploads/bigSlider/e1a/d9a17543a8f35eda787ecd72ebe75.webp', 'https://realting.com/uploads/bigSlider/e42/c8146908e3d3af71d91c6c2a991c7.webp', 'https://realting.com/uploads/bigSlider/b74/835a6bd69bed2d3c1372d896f5c14.webp', 'https://realting.com/uploads/bigSlider/036/00bd94d5ce81d5fbf472002a30c06.webp', 'https://realting.com/uploads/bigSlider/8e7/2c6925718fb973f769fda11057511.webp', 'https://realting.com/uploads/bigSlider/512/fe65738c68e78d2c9fe79821ed5c3.webp', 'https://realting.com/uploads/bigSlider/901/4ce98c45531676b6998a2be4e3e6b.webp', 'https://realting.com/uploads/bigSlider/708/fab5d0cb8e6c435d3800ae0fd4e2f.webp', 'https://realting.com/uploads/bigSlider/86f/16b62e1d60868e7e9ce5829233759.webp']"
